﻿<process name="VconnexContactUs" version="1.0" bpversion="6.8.0.23415" narrative="contact us page" byrefcollection="true" type="object" runmode="Exclusive" preferredid="6ec9f61d-0911-4948-a118-d45a6dae8936">
  <appdef>
    <element name="VconnexContactUs">
      <id>6b0d7edc-160d-4767-bbab-f6ed40528959</id>
      <element name="Contact Us">
        <id>2e7415e1-249c-4eb1-b29c-9f0837370027</id>
        <type>WebLink</type>
        <basetype>WebLink</basetype>
        <datatype>text</datatype>
        <diagnose>False</diagnose>
        <attributes>
          <attribute name="wX">
            <ProcessValue datatype="number" value="1233" />
          </attribute>
          <attribute name="wY">
            <ProcessValue datatype="number" value="52" />
          </attribute>
          <attribute name="wWidth">
            <ProcessValue datatype="number" value="95" />
          </attribute>
          <attribute name="wHeight">
            <ProcessValue datatype="number" value="93" />
          </attribute>
          <attribute name="wClientX">
            <ProcessValue datatype="number" value="0" />
          </attribute>
          <attribute name="wClientY">
            <ProcessValue datatype="number" value="0" />
          </attribute>
          <attribute name="wClientWidth">
            <ProcessValue datatype="number" value="96" />
          </attribute>
          <attribute name="wClientHeight">
            <ProcessValue datatype="number" value="93" />
          </attribute>
          <attribute name="wOffsetX">
            <ProcessValue datatype="number" value="0" />
          </attribute>
          <attribute name="wOffsetY">
            <ProcessValue datatype="number" value="0" />
          </attribute>
          <attribute name="wOffsetWidth">
            <ProcessValue datatype="number" value="96" />
          </attribute>
          <attribute name="wOffsetHeight">
            <ProcessValue datatype="number" value="93" />
          </attribute>
          <attribute name="wScrollX">
            <ProcessValue datatype="number" value="0" />
          </attribute>
          <attribute name="wScrollY">
            <ProcessValue datatype="number" value="0" />
          </attribute>
          <attribute name="wScrollWidth">
            <ProcessValue datatype="number" value="96" />
          </attribute>
          <attribute name="wScrollHeight">
            <ProcessValue datatype="number" value="93" />
          </attribute>
          <attribute name="wElementType">
            <ProcessValue datatype="text" value="A" />
          </attribute>
          <attribute name="wXPath" inuse="True">
            <ProcessValue datatype="text" value="//*[@id=&quot;menu&quot;]/ul/li[6]/a" />
          </attribute>
          <attribute name="wValue">
            <ProcessValue datatype="text" value="" />
          </attribute>
          <attribute name="wPageAddress">
            <ProcessValue datatype="text" value="http://vconnex.vconnexservices.com/" />
          </attribute>
          <attribute name="wClass">
            <ProcessValue datatype="text" value="" />
          </attribute>
          <attribute name="wChildCount">
            <ProcessValue datatype="number" value="0" />
          </attribute>
          <attribute name="wIsEditable">
            <ProcessValue datatype="flag" value="False" />
          </attribute>
          <attribute name="wStyle">
            <ProcessValue datatype="text" value="{&quot;alignContent&quot;:&quot;&quot;,&quot;alignItems&quot;:&quot;&quot;,&quot;alignSelf&quot;:&quot;&quot;,&quot;alignmentBaseline&quot;:&quot;&quot;,&quot;all&quot;:&quot;&quot;,&quot;animation&quot;:&quot;&quot;,&quot;animationDelay&quot;:&quot;&quot;,&quot;animationDirection&quot;:&quot;&quot;,&quot;animationDuration&quot;:&quot;&quot;,&quot;animationFillMode&quot;:&quot;&quot;,&quot;animationIterationCount&quot;:&quot;&quot;,&quot;animationName&quot;:&quot;&quot;,&quot;animationPlayState&quot;:&quot;&quot;,&quot;animationTimingFunction&quot;:&quot;&quot;,&quot;appearance&quot;:&quot;&quot;,&quot;backdropFilter&quot;:&quot;&quot;,&quot;backfaceVisibility&quot;:&quot;&quot;,&quot;background&quot;:&quot;&quot;,&quot;backgroundAttachment&quot;:&quot;&quot;,&quot;backgroundBlendMode&quot;:&quot;&quot;,&quot;backgroundClip&quot;:&quot;&quot;,&quot;backgroundColor&quot;:&quot;&quot;,&quot;backgroundImage&quot;:&quot;&quot;,&quot;backgroundOrigin&quot;:&quot;&quot;,&quot;backgroundPosition&quot;:&quot;&quot;,&quot;backgroundPositionX&quot;:&quot;&quot;,&quot;backgroundPositionY&quot;:&quot;&quot;,&quot;backgroundRepeat&quot;:&quot;&quot;,&quot;backgroundRepeatX&quot;:&quot;&quot;,&quot;backgroundRepeatY&quot;:&quot;&quot;,&quot;backgroundSize&quot;:&quot;&quot;,&quot;baselineShift&quot;:&quot;&quot;,&quot;blockSize&quot;:&quot;&quot;,&quot;border&quot;:&quot;&quot;,&quot;borderBlockEnd&quot;:&quot;&quot;,&quot;borderBlockEndColor&quot;:&quot;&quot;,&quot;borderBlockEndStyle&quot;:&quot;&quot;,&quot;borderBlockEndWidth&quot;:&quot;&quot;,&quot;borderBlockStart&quot;:&quot;&quot;,&quot;borderBlockStartColor&quot;:&quot;&quot;,&quot;borderBlockStartStyle&quot;:&quot;&quot;,&quot;borderBlockStartWidth&quot;:&quot;&quot;,&quot;borderBottom&quot;:&quot;&quot;,&quot;borderBottomColor&quot;:&quot;&quot;,&quot;borderBottomLeftRadius&quot;:&quot;&quot;,&quot;borderBottomRightRadius&quot;:&quot;&quot;,&quot;borderBottomStyle&quot;:&quot;&quot;,&quot;borderBottomWidth&quot;:&quot;&quot;,&quot;borderCollapse&quot;:&quot;&quot;,&quot;borderColor&quot;:&quot;&quot;,&quot;borderImage&quot;:&quot;&quot;,&quot;borderImageOutset&quot;:&quot;&quot;,&quot;borderImageRepeat&quot;:&quot;&quot;,&quot;borderImageSlice&quot;:&quot;&quot;,&quot;borderImageSource&quot;:&quot;&quot;,&quot;borderImageWidth&quot;:&quot;&quot;,&quot;borderInlineEnd&quot;:&quot;&quot;,&quot;borderInlineEndColor&quot;:&quot;&quot;,&quot;borderInlineEndStyle&quot;:&quot;&quot;,&quot;borderInlineEndWidth&quot;:&quot;&quot;,&quot;borderInlineStart&quot;:&quot;&quot;,&quot;borderInlineStartColor&quot;:&quot;&quot;,&quot;borderInlineStartStyle&quot;:&quot;&quot;,&quot;borderInlineStartWidth&quot;:&quot;&quot;,&quot;borderLeft&quot;:&quot;&quot;,&quot;borderLeftColor&quot;:&quot;&quot;,&quot;borderLeftStyle&quot;:&quot;&quot;,&quot;borderLeftWidth&quot;:&quot;&quot;,&quot;borderRadius&quot;:&quot;&quot;,&quot;borderRight&quot;:&quot;&quot;,&quot;borderRightColor&quot;:&quot;&quot;,&quot;borderRightStyle&quot;:&quot;&quot;,&quot;borderRightWidth&quot;:&quot;&quot;,&quot;borderSpacing&quot;:&quot;&quot;,&quot;borderStyle&quot;:&quot;&quot;,&quot;borderTop&quot;:&quot;&quot;,&quot;borderTopColor&quot;:&quot;&quot;,&quot;borderTopLeftRadius&quot;:&quot;&quot;,&quot;borderTopRightRadius&quot;:&quot;&quot;,&quot;borderTopStyle&quot;:&quot;&quot;,&quot;borderTopWidth&quot;:&quot;&quot;,&quot;borderWidth&quot;:&quot;&quot;,&quot;bottom&quot;:&quot;&quot;,&quot;boxShadow&quot;:&quot;&quot;,&quot;boxSizing&quot;:&quot;&quot;,&quot;breakAfter&quot;:&quot;&quot;,&quot;breakBefore&quot;:&quot;&quot;,&quot;breakInside&quot;:&quot;&quot;,&quot;bufferedRendering&quot;:&quot;&quot;,&quot;captionSide&quot;:&quot;&quot;,&quot;caretColor&quot;:&quot;&quot;,&quot;clear&quot;:&quot;&quot;,&quot;clip&quot;:&quot;&quot;,&quot;clipPath&quot;:&quot;&quot;,&quot;clipRule&quot;:&quot;&quot;,&quot;color&quot;:&quot;&quot;,&quot;colorInterpolation&quot;:&quot;&quot;,&quot;colorInterpolationFilters&quot;:&quot;&quot;,&quot;colorRendering&quot;:&quot;&quot;,&quot;colorScheme&quot;:&quot;&quot;,&quot;columnCount&quot;:&quot;&quot;,&quot;columnFill&quot;:&quot;&quot;,&quot;columnGap&quot;:&quot;&quot;,&quot;columnRule&quot;:&quot;&quot;,&quot;columnRuleColor&quot;:&quot;&quot;,&quot;columnRuleStyle&quot;:&quot;&quot;,&quot;columnRuleWidth&quot;:&quot;&quot;,&quot;columnSpan&quot;:&quot;&quot;,&quot;columnWidth&quot;:&quot;&quot;,&quot;columns&quot;:&quot;&quot;,&quot;contain&quot;:&quot;&quot;,&quot;containIntrinsicSize&quot;:&quot;&quot;,&quot;content&quot;:&quot;&quot;,&quot;counterIncrement&quot;:&quot;&quot;,&quot;counterReset&quot;:&quot;&quot;,&quot;cursor&quot;:&quot;&quot;,&quot;cx&quot;:&quot;&quot;,&quot;cy&quot;:&quot;&quot;,&quot;d&quot;:&quot;&quot;,&quot;direction&quot;:&quot;&quot;,&quot;display&quot;:&quot;&quot;,&quot;dominantBaseline&quot;:&quot;&quot;,&quot;emptyCells&quot;:&quot;&quot;,&quot;fill&quot;:&quot;&quot;,&quot;fillOpacity&quot;:&quot;&quot;,&quot;fillRule&quot;:&quot;&quot;,&quot;filter&quot;:&quot;&quot;,&quot;flex&quot;:&quot;&quot;,&quot;flexBasis&quot;:&quot;&quot;,&quot;flexDirection&quot;:&quot;&quot;,&quot;flexFlow&quot;:&quot;&quot;,&quot;flexGrow&quot;:&quot;&quot;,&quot;flexShrink&quot;:&quot;&quot;,&quot;flexWrap&quot;:&quot;&quot;,&quot;float&quot;:&quot;&quot;,&quot;floodColor&quot;:&quot;&quot;,&quot;floodOpacity&quot;:&quot;&quot;,&quot;font&quot;:&quot;&quot;,&quot;fontDisplay&quot;:&quot;&quot;,&quot;fontFamily&quot;:&quot;&quot;,&quot;fontFeatureSettings&quot;:&quot;&quot;,&quot;fontKerning&quot;:&quot;&quot;,&quot;fontOpticalSizing&quot;:&quot;&quot;,&quot;fontSize&quot;:&quot;&quot;,&quot;fontStretch&quot;:&quot;&quot;,&quot;fontStyle&quot;:&quot;&quot;,&quot;fontVariant&quot;:&quot;&quot;,&quot;fontVariantCaps&quot;:&quot;&quot;,&quot;fontVariantEastAsian&quot;:&quot;&quot;,&quot;fontVariantLigatures&quot;:&quot;&quot;,&quot;fontVariantNumeric&quot;:&quot;&quot;,&quot;fontVariationSettings&quot;:&quot;&quot;,&quot;fontWeight&quot;:&quot;&quot;,&quot;gap&quot;:&quot;&quot;,&quot;grid&quot;:&quot;&quot;,&quot;gridArea&quot;:&quot;&quot;,&quot;gridAutoColumns&quot;:&quot;&quot;,&quot;gridAutoFlow&quot;:&quot;&quot;,&quot;gridAutoRows&quot;:&quot;&quot;,&quot;gridColumn&quot;:&quot;&quot;,&quot;gridColumnEnd&quot;:&quot;&quot;,&quot;gridColumnGap&quot;:&quot;&quot;,&quot;gridColumnStart&quot;:&quot;&quot;,&quot;gridGap&quot;:&quot;&quot;,&quot;gridRow&quot;:&quot;&quot;,&quot;gridRowEnd&quot;:&quot;&quot;,&quot;gridRowGap&quot;:&quot;&quot;,&quot;gridRowStart&quot;:&quot;&quot;,&quot;gridTemplate&quot;:&quot;&quot;,&quot;gridTemplateAreas&quot;:&quot;&quot;,&quot;gridTemplateColumns&quot;:&quot;&quot;,&quot;gridTemplateRows&quot;:&quot;&quot;,&quot;height&quot;:&quot;&quot;,&quot;hyphens&quot;:&quot;&quot;,&quot;imageOrientation&quot;:&quot;&quot;,&quot;imageRendering&quot;:&quot;&quot;,&quot;inlineSize&quot;:&quot;&quot;,&quot;isolation&quot;:&quot;&quot;,&quot;justifyContent&quot;:&quot;&quot;,&quot;justifyItems&quot;:&quot;&quot;,&quot;justifySelf&quot;:&quot;&quot;,&quot;left&quot;:&quot;&quot;,&quot;letterSpacing&quot;:&quot;&quot;,&quot;lightingColor&quot;:&quot;&quot;,&quot;lineBreak&quot;:&quot;&quot;,&quot;lineHeight&quot;:&quot;&quot;,&quot;listStyle&quot;:&quot;&quot;,&quot;listStyleImage&quot;:&quot;&quot;,&quot;listStylePosition&quot;:&quot;&quot;,&quot;listStyleType&quot;:&quot;&quot;,&quot;margin&quot;:&quot;&quot;,&quot;marginBlockEnd&quot;:&quot;&quot;,&quot;marginBlockStart&quot;:&quot;&quot;,&quot;marginBottom&quot;:&quot;&quot;,&quot;marginInlineEnd&quot;:&quot;&quot;,&quot;marginInlineStart&quot;:&quot;&quot;,&quot;marginLeft&quot;:&quot;&quot;,&quot;marginRight&quot;:&quot;&quot;,&quot;marginTop&quot;:&quot;&quot;,&quot;marker&quot;:&quot;&quot;,&quot;markerEnd&quot;:&quot;&quot;,&quot;markerMid&quot;:&quot;&quot;,&quot;markerStart&quot;:&quot;&quot;,&quot;mask&quot;:&quot;&quot;,&quot;maskType&quot;:&quot;&quot;,&quot;maxBlockSize&quot;:&quot;&quot;,&quot;maxHeight&quot;:&quot;&quot;,&quot;maxInlineSize&quot;:&quot;&quot;,&quot;maxWidth&quot;:&quot;&quot;,&quot;maxZoom&quot;:&quot;&quot;,&quot;minBlockSize&quot;:&quot;&quot;,&quot;minHeight&quot;:&quot;&quot;,&quot;minInlineSize&quot;:&quot;&quot;,&quot;minWidth&quot;:&quot;&quot;,&quot;minZoom&quot;:&quot;&quot;,&quot;mixBlendMode&quot;:&quot;&quot;,&quot;objectFit&quot;:&quot;&quot;,&quot;objectPosition&quot;:&quot;&quot;,&quot;offset&quot;:&quot;&quot;,&quot;offsetDistance&quot;:&quot;&quot;,&quot;offsetPath&quot;:&quot;&quot;,&quot;offsetRotate&quot;:&quot;&quot;,&quot;opacity&quot;:&quot;&quot;,&quot;order&quot;:&quot;&quot;,&quot;orientation&quot;:&quot;&quot;,&quot;orphans&quot;:&quot;&quot;,&quot;outline&quot;:&quot;&quot;,&quot;outlineColor&quot;:&quot;&quot;,&quot;outlineOffset&quot;:&quot;&quot;,&quot;outlineStyle&quot;:&quot;&quot;,&quot;outlineWidth&quot;:&quot;&quot;,&quot;overflow&quot;:&quot;&quot;,&quot;overflowAnchor&quot;:&quot;&quot;,&quot;overflowWrap&quot;:&quot;&quot;,&quot;overflowX&quot;:&quot;&quot;,&quot;overflowY&quot;:&quot;&quot;,&quot;overscrollBehavior&quot;:&quot;&quot;,&quot;overscrollBehaviorBlock&quot;:&quot;&quot;,&quot;overscrollBehaviorInline&quot;:&quot;&quot;,&quot;overscrollBehaviorX&quot;:&quot;&quot;,&quot;overscrollBehaviorY&quot;:&quot;&quot;,&quot;padding&quot;:&quot;&quot;,&quot;paddingBlockEnd&quot;:&quot;&quot;,&quot;paddingBlockStart&quot;:&quot;&quot;,&quot;paddingBottom&quot;:&quot;&quot;,&quot;paddingInlineEnd&quot;:&quot;&quot;,&quot;paddingInlineStart&quot;:&quot;&quot;,&quot;paddingLeft&quot;:&quot;&quot;,&quot;paddingRight&quot;:&quot;&quot;,&quot;paddingTop&quot;:&quot;&quot;,&quot;pageBreakAfter&quot;:&quot;&quot;,&quot;pageBreakBefore&quot;:&quot;&quot;,&quot;pageBreakInside&quot;:&quot;&quot;,&quot;paintOrder&quot;:&quot;&quot;,&quot;perspective&quot;:&quot;&quot;,&quot;perspectiveOrigin&quot;:&quot;&quot;,&quot;placeContent&quot;:&quot;&quot;,&quot;placeItems&quot;:&quot;&quot;,&quot;placeSelf&quot;:&quot;&quot;,&quot;pointerEvents&quot;:&quot;&quot;,&quot;position&quot;:&quot;&quot;,&quot;quotes&quot;:&quot;&quot;,&quot;r&quot;:&quot;&quot;,&quot;resize&quot;:&quot;&quot;,&quot;right&quot;:&quot;&quot;,&quot;rowGap&quot;:&quot;&quot;,&quot;rubyPosition&quot;:&quot;&quot;,&quot;rx&quot;:&quot;&quot;,&quot;ry&quot;:&quot;&quot;,&quot;scrollBehavior&quot;:&quot;&quot;,&quot;scrollMargin&quot;:&quot;&quot;,&quot;scrollMarginBlock&quot;:&quot;&quot;,&quot;scrollMarginBlockEnd&quot;:&quot;&quot;,&quot;scrollMarginBlockStart&quot;:&quot;&quot;,&quot;scrollMarginBottom&quot;:&quot;&quot;,&quot;scrollMarginInline&quot;:&quot;&quot;,&quot;scrollMarginInlineEnd&quot;:&quot;&quot;,&quot;scrollMarginInlineStart&quot;:&quot;&quot;,&quot;scrollMarginLeft&quot;:&quot;&quot;,&quot;scrollMarginRight&quot;:&quot;&quot;,&quot;scrollMarginTop&quot;:&quot;&quot;,&quot;scrollPadding&quot;:&quot;&quot;,&quot;scrollPaddingBlock&quot;:&quot;&quot;,&quot;scrollPaddingBlockEnd&quot;:&quot;&quot;,&quot;scrollPaddingBlockStart&quot;:&quot;&quot;,&quot;scrollPaddingBottom&quot;:&quot;&quot;,&quot;scrollPaddingInline&quot;:&quot;&quot;,&quot;scrollPaddingInlineEnd&quot;:&quot;&quot;,&quot;scrollPaddingInlineStart&quot;:&quot;&quot;,&quot;scrollPaddingLeft&quot;:&quot;&quot;,&quot;scrollPaddingRight&quot;:&quot;&quot;,&quot;scrollPaddingTop&quot;:&quot;&quot;,&quot;scrollSnapAlign&quot;:&quot;&quot;,&quot;scrollSnapStop&quot;:&quot;&quot;,&quot;scrollSnapType&quot;:&quot;&quot;,&quot;shapeImageThreshold&quot;:&quot;&quot;,&quot;shapeMargin&quot;:&quot;&quot;,&quot;shapeOutside&quot;:&quot;&quot;,&quot;shapeRendering&quot;:&quot;&quot;,&quot;size&quot;:&quot;&quot;,&quot;speak&quot;:&quot;&quot;,&quot;src&quot;:&quot;&quot;,&quot;stopColor&quot;:&quot;&quot;,&quot;stopOpacity&quot;:&quot;&quot;,&quot;stroke&quot;:&quot;&quot;,&quot;strokeDasharray&quot;:&quot;&quot;,&quot;strokeDashoffset&quot;:&quot;&quot;,&quot;strokeLinecap&quot;:&quot;&quot;,&quot;strokeLinejoin&quot;:&quot;&quot;,&quot;strokeMiterlimit&quot;:&quot;&quot;,&quot;strokeOpacity&quot;:&quot;&quot;,&quot;strokeWidth&quot;:&quot;&quot;,&quot;tabSize&quot;:&quot;&quot;,&quot;tableLayout&quot;:&quot;&quot;,&quot;textAlign&quot;:&quot;&quot;,&quot;textAlignLast&quot;:&quot;&quot;,&quot;textAnchor&quot;:&quot;&quot;,&quot;textCombineUpright&quot;:&quot;&quot;,&quot;textDecoration&quot;:&quot;&quot;,&quot;textDecorationColor&quot;:&quot;&quot;,&quot;textDecorationLine&quot;:&quot;&quot;,&quot;textDecorationSkipInk&quot;:&quot;&quot;,&quot;textDecorationStyle&quot;:&quot;&quot;,&quot;textIndent&quot;:&quot;&quot;,&quot;textOrientation&quot;:&quot;&quot;,&quot;textOverflow&quot;:&quot;&quot;,&quot;textRendering&quot;:&quot;&quot;,&quot;textShadow&quot;:&quot;&quot;,&quot;textSizeAdjust&quot;:&quot;&quot;,&quot;textTransform&quot;:&quot;&quot;,&quot;textUnderlinePosition&quot;:&quot;&quot;,&quot;top&quot;:&quot;&quot;,&quot;touchAction&quot;:&quot;&quot;,&quot;transform&quot;:&quot;&quot;,&quot;transformBox&quot;:&quot;&quot;,&quot;transformOrigin&quot;:&quot;&quot;,&quot;transformStyle&quot;:&quot;&quot;,&quot;transition&quot;:&quot;&quot;,&quot;transitionDelay&quot;:&quot;&quot;,&quot;transitionDuration&quot;:&quot;&quot;,&quot;transitionProperty&quot;:&quot;&quot;,&quot;transitionTimingFunction&quot;:&quot;&quot;,&quot;unicodeBidi&quot;:&quot;&quot;,&quot;unicodeRange&quot;:&quot;&quot;,&quot;userSelect&quot;:&quot;&quot;,&quot;userZoom&quot;:&quot;&quot;,&quot;vectorEffect&quot;:&quot;&quot;,&quot;verticalAlign&quot;:&quot;&quot;,&quot;visibility&quot;:&quot;&quot;,&quot;webkitAlignContent&quot;:&quot;&quot;,&quot;webkitAlignItems&quot;:&quot;&quot;,&quot;webkitAlignSelf&quot;:&quot;&quot;,&quot;webkitAnimation&quot;:&quot;&quot;,&quot;webkitAnimationDelay&quot;:&quot;&quot;,&quot;webkitAnimationDirection&quot;:&quot;&quot;,&quot;webkitAnimationDuration&quot;:&quot;&quot;,&quot;webkitAnimationFillMode&quot;:&quot;&quot;,&quot;webkitAnimationIterationCount&quot;:&quot;&quot;,&quot;webkitAnimationName&quot;:&quot;&quot;,&quot;webkitAnimationPlayState&quot;:&quot;&quot;,&quot;webkitAnimationTimingFunction&quot;:&quot;&quot;,&quot;webkitAppRegion&quot;:&quot;&quot;,&quot;webkitAppearance&quot;:&quot;&quot;,&quot;webkitBackfaceVisibility&quot;:&quot;&quot;,&quot;webkitBackgroundClip&quot;:&quot;&quot;,&quot;webkitBackgroundOrigin&quot;:&quot;&quot;,&quot;webkitBackgroundSize&quot;:&quot;&quot;,&quot;webkitBorderAfter&quot;:&quot;&quot;,&quot;webkitBorderAfterColor&quot;:&quot;&quot;,&quot;webkitBorderAfterStyle&quot;:&quot;&quot;,&quot;webkitBorderAfterWidth&quot;:&quot;&quot;,&quot;webkitBorderBefore&quot;:&quot;&quot;,&quot;webkitBorderBeforeColor&quot;:&quot;&quot;,&quot;webkitBorderBeforeStyle&quot;:&quot;&quot;,&quot;webkitBorderBeforeWidth&quot;:&quot;&quot;,&quot;webkitBorderBottomLeftRadius&quot;:&quot;&quot;,&quot;webkitBorderBottomRightRadius&quot;:&quot;&quot;,&quot;webkitBorderEnd&quot;:&quot;&quot;,&quot;webkitBorderEndColor&quot;:&quot;&quot;,&quot;webkitBorderEndStyle&quot;:&quot;&quot;,&quot;webkitBorderEndWidth&quot;:&quot;&quot;,&quot;webkitBorderHorizontalSpacing&quot;:&quot;&quot;,&quot;webkitBorderImage&quot;:&quot;&quot;,&quot;webkitBorderRadius&quot;:&quot;&quot;,&quot;webkitBorderStart&quot;:&quot;&quot;,&quot;webkitBorderStartColor&quot;:&quot;&quot;,&quot;webkitBorderStartStyle&quot;:&quot;&quot;,&quot;webkitBorderStartWidth&quot;:&quot;&quot;,&quot;webkitBorderTopLeftRadius&quot;:&quot;&quot;,&quot;webkitBorderTopRightRadius&quot;:&quot;&quot;,&quot;webkitBorderVerticalSpacing&quot;:&quot;&quot;,&quot;webkitBoxAlign&quot;:&quot;&quot;,&quot;webkitBoxDecorationBreak&quot;:&quot;&quot;,&quot;webkitBoxDirection&quot;:&quot;&quot;,&quot;webkitBoxFlex&quot;:&quot;&quot;,&quot;webkitBoxOrdinalGroup&quot;:&quot;&quot;,&quot;webkitBoxOrient&quot;:&quot;&quot;,&quot;webkitBoxPack&quot;:&quot;&quot;,&quot;webkitBoxReflect&quot;:&quot;&quot;,&quot;webkitBoxShadow&quot;:&quot;&quot;,&quot;webkitBoxSizing&quot;:&quot;&quot;,&quot;webkitClipPath&quot;:&quot;&quot;,&quot;webkitColumnBreakAfter&quot;:&quot;&quot;,&quot;webkitColumnBreakBefore&quot;:&quot;&quot;,&quot;webkitColumnBreakInside&quot;:&quot;&quot;,&quot;webkitColumnCount&quot;:&quot;&quot;,&quot;webkitColumnGap&quot;:&quot;&quot;,&quot;webkitColumnRule&quot;:&quot;&quot;,&quot;webkitColumnRuleColor&quot;:&quot;&quot;,&quot;webkitColumnRuleStyle&quot;:&quot;&quot;,&quot;webkitColumnRuleWidth&quot;:&quot;&quot;,&quot;webkitColumnSpan&quot;:&quot;&quot;,&quot;webkitColumnWidth&quot;:&quot;&quot;,&quot;webkitColumns&quot;:&quot;&quot;,&quot;webkitFilter&quot;:&quot;&quot;,&quot;webkitFlex&quot;:&quot;&quot;,&quot;webkitFlexBasis&quot;:&quot;&quot;,&quot;webkitFlexDirection&quot;:&quot;&quot;,&quot;webkitFlexFlow&quot;:&quot;&quot;,&quot;webkitFlexGrow&quot;:&quot;&quot;,&quot;webkitFlexShrink&quot;:&quot;&quot;,&quot;webkitFlexWrap&quot;:&quot;&quot;,&quot;webkitFontFeatureSettings&quot;:&quot;&quot;,&quot;webkitFontSizeDelta&quot;:&quot;&quot;,&quot;webkitFontSmoothing&quot;:&quot;&quot;,&quot;webkitHighlight&quot;:&quot;&quot;,&quot;webkitHyphenateCharacter&quot;:&quot;&quot;,&quot;webkitJustifyContent&quot;:&quot;&quot;,&quot;webkitLineBreak&quot;:&quot;&quot;,&quot;webkitLineClamp&quot;:&quot;&quot;,&quot;webkitLocale&quot;:&quot;&quot;,&quot;webkitLogicalHeight&quot;:&quot;&quot;,&quot;webkitLogicalWidth&quot;:&quot;&quot;,&quot;webkitMarginAfter&quot;:&quot;&quot;,&quot;webkitMarginBefore&quot;:&quot;&quot;,&quot;webkitMarginEnd&quot;:&quot;&quot;,&quot;webkitMarginStart&quot;:&quot;&quot;,&quot;webkitMask&quot;:&quot;&quot;,&quot;webkitMaskBoxImage&quot;:&quot;&quot;,&quot;webkitMaskBoxImageOutset&quot;:&quot;&quot;,&quot;webkitMaskBoxImageRepeat&quot;:&quot;&quot;,&quot;webkitMaskBoxImageSlice&quot;:&quot;&quot;,&quot;webkitMaskBoxImageSource&quot;:&quot;&quot;,&quot;webkitMaskBoxImageWidth&quot;:&quot;&quot;,&quot;webkitMaskClip&quot;:&quot;&quot;,&quot;webkitMaskComposite&quot;:&quot;&quot;,&quot;webkitMaskImage&quot;:&quot;&quot;,&quot;webkitMaskOrigin&quot;:&quot;&quot;,&quot;webkitMaskPosition&quot;:&quot;&quot;,&quot;webkitMaskPositionX&quot;:&quot;&quot;,&quot;webkitMaskPositionY&quot;:&quot;&quot;,&quot;webkitMaskRepeat&quot;:&quot;&quot;,&quot;webkitMaskRepeatX&quot;:&quot;&quot;,&quot;webkitMaskRepeatY&quot;:&quot;&quot;,&quot;webkitMaskSize&quot;:&quot;&quot;,&quot;webkitMaxLogicalHeight&quot;:&quot;&quot;,&quot;webkitMaxLogicalWidth&quot;:&quot;&quot;,&quot;webkitMinLogicalHeight&quot;:&quot;&quot;,&quot;webkitMinLogicalWidth&quot;:&quot;&quot;,&quot;webkitOpacity&quot;:&quot;&quot;,&quot;webkitOrder&quot;:&quot;&quot;,&quot;webkitPaddingAfter&quot;:&quot;&quot;,&quot;webkitPaddingBefore&quot;:&quot;&quot;,&quot;webkitPaddingEnd&quot;:&quot;&quot;,&quot;webkitPaddingStart&quot;:&quot;&quot;,&quot;webkitPerspective&quot;:&quot;&quot;,&quot;webkitPerspectiveOrigin&quot;:&quot;&quot;,&quot;webkitPerspectiveOriginX&quot;:&quot;&quot;,&quot;webkitPerspectiveOriginY&quot;:&quot;&quot;,&quot;webkitPrintColorAdjust&quot;:&quot;&quot;,&quot;webkitRtlOrdering&quot;:&quot;&quot;,&quot;webkitRubyPosition&quot;:&quot;&quot;,&quot;webkitShapeImageThreshold&quot;:&quot;&quot;,&quot;webkitShapeMargin&quot;:&quot;&quot;,&quot;webkitShapeOutside&quot;:&quot;&quot;,&quot;webkitTapHighlightColor&quot;:&quot;&quot;,&quot;webkitTextCombine&quot;:&quot;&quot;,&quot;webkitTextDecorationsInEffect&quot;:&quot;&quot;,&quot;webkitTextEmphasis&quot;:&quot;&quot;,&quot;webkitTextEmphasisColor&quot;:&quot;&quot;,&quot;webkitTextEmphasisPosition&quot;:&quot;&quot;,&quot;webkitTextEmphasisStyle&quot;:&quot;&quot;,&quot;webkitTextFillColor&quot;:&quot;&quot;,&quot;webkitTextOrientation&quot;:&quot;&quot;,&quot;webkitTextSecurity&quot;:&quot;&quot;,&quot;webkitTextSizeAdjust&quot;:&quot;&quot;,&quot;webkitTextStroke&quot;:&quot;&quot;,&quot;webkitTextStrokeColor&quot;:&quot;&quot;,&quot;webkitTextStrokeWidth&quot;:&quot;&quot;,&quot;webkitTransform&quot;:&quot;&quot;,&quot;webkitTransformOrigin&quot;:&quot;&quot;,&quot;webkitTransformOriginX&quot;:&quot;&quot;,&quot;webkitTransformOriginY&quot;:&quot;&quot;,&quot;webkitTransformOriginZ&quot;:&quot;&quot;,&quot;webkitTransformStyle&quot;:&quot;&quot;,&quot;webkitTransition&quot;:&quot;&quot;,&quot;webkitTransitionDelay&quot;:&quot;&quot;,&quot;webkitTransitionDuration&quot;:&quot;&quot;,&quot;webkitTransitionProperty&quot;:&quot;&quot;,&quot;webkitTransitionTimingFunction&quot;:&quot;&quot;,&quot;webkitUserDrag&quot;:&quot;&quot;,&quot;webkitUserModify&quot;:&quot;&quot;,&quot;webkitUserSelect&quot;:&quot;&quot;,&quot;webkitWritingMode&quot;:&quot;&quot;,&quot;whiteSpace&quot;:&quot;&quot;,&quot;widows&quot;:&quot;&quot;,&quot;width&quot;:&quot;&quot;,&quot;willChange&quot;:&quot;&quot;,&quot;wordBreak&quot;:&quot;&quot;,&quot;wordSpacing&quot;:&quot;&quot;,&quot;wordWrap&quot;:&quot;&quot;,&quot;writingMode&quot;:&quot;&quot;,&quot;x&quot;:&quot;&quot;,&quot;y&quot;:&quot;&quot;,&quot;zIndex&quot;:&quot;&quot;,&quot;zoom&quot;:&quot;&quot;}" />
          </attribute>
          <attribute name="wTabIndex">
            <ProcessValue datatype="number" value="0" />
          </attribute>
          <attribute name="wInputType">
            <ProcessValue datatype="text" value="" />
          </attribute>
          <attribute name="wAccessKey">
            <ProcessValue datatype="text" value="" />
          </attribute>
          <attribute name="wInnerText">
            <ProcessValue datatype="text" value="Contact" />
          </attribute>
          <attribute name="wSource">
            <ProcessValue datatype="text" value="" />
          </attribute>
          <attribute name="wTargetAddress" inuse="True">
            <ProcessValue datatype="text" value="contact.html" />
          </attribute>
          <attribute name="wAlt">
            <ProcessValue datatype="text" value="" />
          </attribute>
          <attribute name="wPattern">
            <ProcessValue datatype="text" value="" />
          </attribute>
          <attribute name="wRel">
            <ProcessValue datatype="text" value="" />
          </attribute>
          <attribute name="wLinkTarget">
            <ProcessValue datatype="text" value="" />
          </attribute>
          <attribute name="wPlaceholder">
            <ProcessValue datatype="text" value="" />
          </attribute>
          <attribute name="MatchIndex">
            <ProcessValue datatype="number" value="1" />
          </attribute>
        </attributes>
      </element>
      <element name="Name">
        <id>424a47ad-5a29-4f46-baf7-800452f4a070</id>
        <type>UIAEdit</type>
        <basetype>UIAEdit</basetype>
        <datatype>text</datatype>
        <diagnose>False</diagnose>
        <attributes>
          <attribute name="uX">
            <ProcessValue datatype="number" value="880" />
          </attribute>
          <attribute name="uY">
            <ProcessValue datatype="number" value="803" />
          </attribute>
          <attribute name="uWidth">
            <ProcessValue datatype="number" value="373" />
          </attribute>
          <attribute name="uHeight">
            <ProcessValue datatype="number" value="72" />
          </attribute>
          <attribute name="uClassName">
            <ProcessValue datatype="text" value="" />
          </attribute>
          <attribute name="uAutomationId" inuse="True">
            <ProcessValue datatype="text" value="nameContact" />
          </attribute>
          <attribute name="uControlType" inuse="True">
            <ProcessValue datatype="text" value="Edit" />
          </attribute>
          <attribute name="uLocalizedControlType">
            <ProcessValue datatype="text" value="edit" />
          </attribute>
          <attribute name="uIsPassword">
            <ProcessValue datatype="flag" value="False" />
          </attribute>
          <attribute name="uIsRequiredForForm">
            <ProcessValue datatype="flag" value="False" />
          </attribute>
          <attribute name="uName" inuse="True">
            <ProcessValue datatype="text" value="Name *" />
          </attribute>
          <attribute name="uOrientation">
            <ProcessValue datatype="text" value="None" />
          </attribute>
          <attribute name="uItemStatus">
            <ProcessValue datatype="text" value="" />
          </attribute>
          <attribute name="uItemType">
            <ProcessValue datatype="text" value="" />
          </attribute>
          <attribute name="uOffscreen">
            <ProcessValue datatype="flag" value="False" />
          </attribute>
          <attribute name="uTopLevelWindowId">
            <ProcessValue datatype="text" value="" />
          </attribute>
          <attribute name="uLabeledBy">
            <ProcessValue datatype="text" value="" />
          </attribute>
          <attribute name="uEnabled">
            <ProcessValue datatype="text" value="True" />
          </attribute>
          <attribute name="uAcceleratorKey">
            <ProcessValue datatype="text" value="" />
          </attribute>
          <attribute name="uAccessKey">
            <ProcessValue datatype="text" value="" />
          </attribute>
          <attribute name="uHasKeyboardFocus">
            <ProcessValue datatype="text" value="False" />
          </attribute>
          <attribute name="uHelpText">
            <ProcessValue datatype="text" value="" />
          </attribute>
          <attribute name="uProcessId">
            <ProcessValue datatype="text" value="14436" />
          </attribute>
          <attribute name="puControlType">
            <ProcessValue datatype="text" value="Document" />
          </attribute>
          <attribute name="puLocalizedControlType">
            <ProcessValue datatype="text" value="document" />
          </attribute>
          <attribute name="puClassName">
            <ProcessValue datatype="text" value="Chrome_RenderWidgetHostHWND" />
          </attribute>
          <attribute name="puName">
            <ProcessValue datatype="text" value="Contact Us - Vconnex Services Inc, Florida, USA" />
          </attribute>
          <attribute name="puAutomationId">
            <ProcessValue datatype="text" value="1119336816" />
          </attribute>
          <attribute name="MatchIndex">
            <ProcessValue datatype="number" value="1" />
          </attribute>
        </attributes>
      </element>
      <element name="Email">
        <id>e9684de6-fbfe-45a0-b1c5-312bc93867a6</id>
        <type>UIAEdit</type>
        <basetype>UIAEdit</basetype>
        <datatype>text</datatype>
        <diagnose>False</diagnose>
        <attributes>
          <attribute name="uX">
            <ProcessValue datatype="number" value="1290" />
          </attribute>
          <attribute name="uY">
            <ProcessValue datatype="number" value="803" />
          </attribute>
          <attribute name="uWidth">
            <ProcessValue datatype="number" value="372" />
          </attribute>
          <attribute name="uHeight">
            <ProcessValue datatype="number" value="72" />
          </attribute>
          <attribute name="uClassName">
            <ProcessValue datatype="text" value="" />
          </attribute>
          <attribute name="uAutomationId" inuse="True">
            <ProcessValue datatype="text" value="emailContact" />
          </attribute>
          <attribute name="uControlType">
            <ProcessValue datatype="text" value="Edit" />
          </attribute>
          <attribute name="uLocalizedControlType">
            <ProcessValue datatype="text" value="edit" />
          </attribute>
          <attribute name="uIsPassword">
            <ProcessValue datatype="flag" value="False" />
          </attribute>
          <attribute name="uIsRequiredForForm">
            <ProcessValue datatype="flag" value="False" />
          </attribute>
          <attribute name="uName" inuse="True">
            <ProcessValue datatype="text" value="Email *" />
          </attribute>
          <attribute name="uOrientation">
            <ProcessValue datatype="text" value="None" />
          </attribute>
          <attribute name="uItemStatus">
            <ProcessValue datatype="text" value="" />
          </attribute>
          <attribute name="uItemType">
            <ProcessValue datatype="text" value="" />
          </attribute>
          <attribute name="uOffscreen">
            <ProcessValue datatype="flag" value="False" />
          </attribute>
          <attribute name="uTopLevelWindowId">
            <ProcessValue datatype="text" value="" />
          </attribute>
          <attribute name="uLabeledBy">
            <ProcessValue datatype="text" value="" />
          </attribute>
          <attribute name="uEnabled">
            <ProcessValue datatype="text" value="True" />
          </attribute>
          <attribute name="uAcceleratorKey">
            <ProcessValue datatype="text" value="" />
          </attribute>
          <attribute name="uAccessKey">
            <ProcessValue datatype="text" value="" />
          </attribute>
          <attribute name="uHasKeyboardFocus">
            <ProcessValue datatype="text" value="False" />
          </attribute>
          <attribute name="uHelpText">
            <ProcessValue datatype="text" value="" />
          </attribute>
          <attribute name="uProcessId">
            <ProcessValue datatype="text" value="11560" />
          </attribute>
          <attribute name="puControlType">
            <ProcessValue datatype="text" value="Document" />
          </attribute>
          <attribute name="puLocalizedControlType">
            <ProcessValue datatype="text" value="document" />
          </attribute>
          <attribute name="puClassName">
            <ProcessValue datatype="text" value="Chrome_RenderWidgetHostHWND" />
          </attribute>
          <attribute name="puName">
            <ProcessValue datatype="text" value="Contact Us - Vconnex Services Inc, Florida, USA" />
          </attribute>
          <attribute name="puAutomationId">
            <ProcessValue datatype="text" value="-1061913984" />
          </attribute>
          <attribute name="MatchIndex">
            <ProcessValue datatype="number" value="1" />
          </attribute>
        </attributes>
      </element>
      <element name="Subject">
        <id>c68a7c8b-eb88-45ed-b8d4-9be6a80b4fd7</id>
        <type>UIAElement</type>
        <basetype>UIAEdit</basetype>
        <datatype>text</datatype>
        <diagnose>False</diagnose>
        <attributes>
          <attribute name="uX">
            <ProcessValue datatype="number" value="880" />
          </attribute>
          <attribute name="uY">
            <ProcessValue datatype="number" value="912" />
          </attribute>
          <attribute name="uWidth">
            <ProcessValue datatype="number" value="373" />
          </attribute>
          <attribute name="uHeight">
            <ProcessValue datatype="number" value="71" />
          </attribute>
          <attribute name="uClassName">
            <ProcessValue datatype="text" value="" />
          </attribute>
          <attribute name="uAutomationId" inuse="True">
            <ProcessValue datatype="text" value="subjectContact" />
          </attribute>
          <attribute name="uControlType">
            <ProcessValue datatype="text" value="Edit" />
          </attribute>
          <attribute name="uLocalizedControlType">
            <ProcessValue datatype="text" value="edit" />
          </attribute>
          <attribute name="uIsPassword">
            <ProcessValue datatype="flag" value="False" />
          </attribute>
          <attribute name="uIsRequiredForForm">
            <ProcessValue datatype="flag" value="False" />
          </attribute>
          <attribute name="uName" inuse="True">
            <ProcessValue datatype="text" value="Subject *" />
          </attribute>
          <attribute name="uOrientation">
            <ProcessValue datatype="text" value="None" />
          </attribute>
          <attribute name="uItemStatus">
            <ProcessValue datatype="text" value="" />
          </attribute>
          <attribute name="uItemType">
            <ProcessValue datatype="text" value="" />
          </attribute>
          <attribute name="uOffscreen">
            <ProcessValue datatype="flag" value="False" />
          </attribute>
          <attribute name="uTopLevelWindowId">
            <ProcessValue datatype="text" value="" />
          </attribute>
          <attribute name="uLabeledBy">
            <ProcessValue datatype="text" value="" />
          </attribute>
          <attribute name="uEnabled">
            <ProcessValue datatype="text" value="True" />
          </attribute>
          <attribute name="uAcceleratorKey">
            <ProcessValue datatype="text" value="" />
          </attribute>
          <attribute name="uAccessKey">
            <ProcessValue datatype="text" value="" />
          </attribute>
          <attribute name="uHasKeyboardFocus">
            <ProcessValue datatype="text" value="False" />
          </attribute>
          <attribute name="uHelpText">
            <ProcessValue datatype="text" value="" />
          </attribute>
          <attribute name="uProcessId">
            <ProcessValue datatype="text" value="11560" />
          </attribute>
          <attribute name="puControlType">
            <ProcessValue datatype="text" value="Document" />
          </attribute>
          <attribute name="puLocalizedControlType">
            <ProcessValue datatype="text" value="document" />
          </attribute>
          <attribute name="puClassName">
            <ProcessValue datatype="text" value="Chrome_RenderWidgetHostHWND" />
          </attribute>
          <attribute name="puName">
            <ProcessValue datatype="text" value="Contact Us - Vconnex Services Inc, Florida, USA" />
          </attribute>
          <attribute name="puAutomationId">
            <ProcessValue datatype="text" value="-1061913984" />
          </attribute>
          <attribute name="MatchIndex">
            <ProcessValue datatype="number" value="1" />
          </attribute>
        </attributes>
      </element>
      <element name="Phone No">
        <id>e6ada84f-7038-45d2-93cd-d310d6e3795a</id>
        <type>UIAEdit</type>
        <basetype>UIAEdit</basetype>
        <datatype>text</datatype>
        <diagnose>False</diagnose>
        <attributes>
          <attribute name="uX">
            <ProcessValue datatype="number" value="1290" />
          </attribute>
          <attribute name="uY">
            <ProcessValue datatype="number" value="912" />
          </attribute>
          <attribute name="uWidth">
            <ProcessValue datatype="number" value="372" />
          </attribute>
          <attribute name="uHeight">
            <ProcessValue datatype="number" value="71" />
          </attribute>
          <attribute name="uClassName">
            <ProcessValue datatype="text" value="" />
          </attribute>
          <attribute name="uAutomationId" inuse="True">
            <ProcessValue datatype="text" value="phoneContact" />
          </attribute>
          <attribute name="uControlType">
            <ProcessValue datatype="text" value="Edit" />
          </attribute>
          <attribute name="uLocalizedControlType">
            <ProcessValue datatype="text" value="edit" />
          </attribute>
          <attribute name="uIsPassword">
            <ProcessValue datatype="flag" value="False" />
          </attribute>
          <attribute name="uIsRequiredForForm">
            <ProcessValue datatype="flag" value="False" />
          </attribute>
          <attribute name="uName">
            <ProcessValue datatype="text" value="(999)-999-9999 *" />
          </attribute>
          <attribute name="uOrientation">
            <ProcessValue datatype="text" value="None" />
          </attribute>
          <attribute name="uItemStatus">
            <ProcessValue datatype="text" value="" />
          </attribute>
          <attribute name="uItemType">
            <ProcessValue datatype="text" value="" />
          </attribute>
          <attribute name="uOffscreen">
            <ProcessValue datatype="flag" value="False" />
          </attribute>
          <attribute name="uTopLevelWindowId">
            <ProcessValue datatype="text" value="" />
          </attribute>
          <attribute name="uLabeledBy">
            <ProcessValue datatype="text" value="" />
          </attribute>
          <attribute name="uEnabled">
            <ProcessValue datatype="text" value="True" />
          </attribute>
          <attribute name="uAcceleratorKey">
            <ProcessValue datatype="text" value="" />
          </attribute>
          <attribute name="uAccessKey">
            <ProcessValue datatype="text" value="" />
          </attribute>
          <attribute name="uHasKeyboardFocus">
            <ProcessValue datatype="text" value="False" />
          </attribute>
          <attribute name="uHelpText">
            <ProcessValue datatype="text" value="" />
          </attribute>
          <attribute name="uProcessId">
            <ProcessValue datatype="text" value="11560" />
          </attribute>
          <attribute name="puControlType">
            <ProcessValue datatype="text" value="Document" />
          </attribute>
          <attribute name="puLocalizedControlType">
            <ProcessValue datatype="text" value="document" />
          </attribute>
          <attribute name="puClassName">
            <ProcessValue datatype="text" value="Chrome_RenderWidgetHostHWND" />
          </attribute>
          <attribute name="puName">
            <ProcessValue datatype="text" value="Contact Us - Vconnex Services Inc, Florida, USA" />
          </attribute>
          <attribute name="puAutomationId">
            <ProcessValue datatype="text" value="-1061913984" />
          </attribute>
          <attribute name="MatchIndex">
            <ProcessValue datatype="number" value="1" />
          </attribute>
        </attributes>
      </element>
      <element name="Message">
        <id>25a68f07-3fc1-4a95-b9c5-a825239fd517</id>
        <type>UIAEdit</type>
        <basetype>UIAEdit</basetype>
        <datatype>text</datatype>
        <diagnose>False</diagnose>
        <attributes>
          <attribute name="uX">
            <ProcessValue datatype="number" value="880" />
          </attribute>
          <attribute name="uY">
            <ProcessValue datatype="number" value="645" />
          </attribute>
          <attribute name="uWidth">
            <ProcessValue datatype="number" value="782" />
          </attribute>
          <attribute name="uHeight">
            <ProcessValue datatype="number" value="98" />
          </attribute>
          <attribute name="uClassName">
            <ProcessValue datatype="text" value="" />
          </attribute>
          <attribute name="uAutomationId" inuse="True">
            <ProcessValue datatype="text" value="messageContact" />
          </attribute>
          <attribute name="uControlType">
            <ProcessValue datatype="text" value="Edit" />
          </attribute>
          <attribute name="uLocalizedControlType">
            <ProcessValue datatype="text" value="edit" />
          </attribute>
          <attribute name="uIsPassword">
            <ProcessValue datatype="flag" value="False" />
          </attribute>
          <attribute name="uIsRequiredForForm">
            <ProcessValue datatype="flag" value="False" />
          </attribute>
          <attribute name="uName">
            <ProcessValue datatype="text" value="Message *" />
          </attribute>
          <attribute name="uOrientation">
            <ProcessValue datatype="text" value="None" />
          </attribute>
          <attribute name="uItemStatus">
            <ProcessValue datatype="text" value="" />
          </attribute>
          <attribute name="uItemType">
            <ProcessValue datatype="text" value="" />
          </attribute>
          <attribute name="uOffscreen">
            <ProcessValue datatype="flag" value="False" />
          </attribute>
          <attribute name="uTopLevelWindowId">
            <ProcessValue datatype="text" value="" />
          </attribute>
          <attribute name="uLabeledBy">
            <ProcessValue datatype="text" value="" />
          </attribute>
          <attribute name="uEnabled">
            <ProcessValue datatype="text" value="True" />
          </attribute>
          <attribute name="uAcceleratorKey">
            <ProcessValue datatype="text" value="" />
          </attribute>
          <attribute name="uAccessKey">
            <ProcessValue datatype="text" value="" />
          </attribute>
          <attribute name="uHasKeyboardFocus">
            <ProcessValue datatype="text" value="False" />
          </attribute>
          <attribute name="uHelpText">
            <ProcessValue datatype="text" value="" />
          </attribute>
          <attribute name="uProcessId">
            <ProcessValue datatype="text" value="11560" />
          </attribute>
          <attribute name="puControlType">
            <ProcessValue datatype="text" value="Document" />
          </attribute>
          <attribute name="puLocalizedControlType">
            <ProcessValue datatype="text" value="document" />
          </attribute>
          <attribute name="puClassName">
            <ProcessValue datatype="text" value="Chrome_RenderWidgetHostHWND" />
          </attribute>
          <attribute name="puName">
            <ProcessValue datatype="text" value="Contact Us - Vconnex Services Inc, Florida, USA" />
          </attribute>
          <attribute name="puAutomationId">
            <ProcessValue datatype="text" value="-1061913984" />
          </attribute>
          <attribute name="MatchIndex">
            <ProcessValue datatype="number" value="1" />
          </attribute>
        </attributes>
      </element>
      <element name="Send">
        <id>82c8cc9f-c185-4093-ac8f-5f8fea0140f1</id>
        <type>UIAButton</type>
        <basetype>UIAButton</basetype>
        <datatype>text</datatype>
        <diagnose>False</diagnose>
        <attributes>
          <attribute name="uX">
            <ProcessValue datatype="number" value="1520" />
          </attribute>
          <attribute name="uY">
            <ProcessValue datatype="number" value="780" />
          </attribute>
          <attribute name="uWidth">
            <ProcessValue datatype="number" value="142" />
          </attribute>
          <attribute name="uHeight">
            <ProcessValue datatype="number" value="54" />
          </attribute>
          <attribute name="uClassName">
            <ProcessValue datatype="text" value="" />
          </attribute>
          <attribute name="uAutomationId" inuse="True">
            <ProcessValue datatype="text" value="submitContact" />
          </attribute>
          <attribute name="uControlType" inuse="True">
            <ProcessValue datatype="text" value="Button" />
          </attribute>
          <attribute name="uLocalizedControlType">
            <ProcessValue datatype="text" value="button" />
          </attribute>
          <attribute name="uIsPassword">
            <ProcessValue datatype="flag" value="False" />
          </attribute>
          <attribute name="uIsRequiredForForm">
            <ProcessValue datatype="flag" value="False" />
          </attribute>
          <attribute name="uName" inuse="True">
            <ProcessValue datatype="text" value="Submit" />
          </attribute>
          <attribute name="uOrientation">
            <ProcessValue datatype="text" value="None" />
          </attribute>
          <attribute name="uItemStatus">
            <ProcessValue datatype="text" value="" />
          </attribute>
          <attribute name="uItemType">
            <ProcessValue datatype="text" value="" />
          </attribute>
          <attribute name="uOffscreen">
            <ProcessValue datatype="flag" value="False" />
          </attribute>
          <attribute name="uTopLevelWindowId">
            <ProcessValue datatype="text" value="" />
          </attribute>
          <attribute name="uLabeledBy">
            <ProcessValue datatype="text" value="" />
          </attribute>
          <attribute name="uEnabled">
            <ProcessValue datatype="text" value="True" />
          </attribute>
          <attribute name="uAcceleratorKey">
            <ProcessValue datatype="text" value="" />
          </attribute>
          <attribute name="uAccessKey">
            <ProcessValue datatype="text" value="" />
          </attribute>
          <attribute name="uHasKeyboardFocus">
            <ProcessValue datatype="text" value="False" />
          </attribute>
          <attribute name="uHelpText">
            <ProcessValue datatype="text" value="" />
          </attribute>
          <attribute name="uProcessId">
            <ProcessValue datatype="text" value="14436" />
          </attribute>
          <attribute name="puControlType">
            <ProcessValue datatype="text" value="Document" />
          </attribute>
          <attribute name="puLocalizedControlType">
            <ProcessValue datatype="text" value="document" />
          </attribute>
          <attribute name="puClassName">
            <ProcessValue datatype="text" value="Chrome_RenderWidgetHostHWND" />
          </attribute>
          <attribute name="puName">
            <ProcessValue datatype="text" value="Contact Us - Vconnex Services Inc, Florida, USA" />
          </attribute>
          <attribute name="puAutomationId">
            <ProcessValue datatype="text" value="1119336816" />
          </attribute>
          <attribute name="MatchIndex">
            <ProcessValue datatype="number" value="1" />
          </attribute>
        </attributes>
      </element>
      <type>Application</type>
      <basetype>Application</basetype>
      <datatype>unknown</datatype>
      <diagnose>False</diagnose>
    </element>
    <apptypeinfo>
      <id>BrowserLaunch</id>
      <parameters>
        <parameter>
          <name>Path</name>
          <value>C:\Program Files (x86)\Google\Chrome\Application\chrome.exe</value>
        </parameter>
        <parameter>
          <name>CommandLineParams</name>
          <value>http://vconnex.vconnexservices.com/</value>
        </parameter>
        <parameter>
          <name>ProcessMode</name>
          <value>Internal</value>
        </parameter>
        <parameter>
          <name>ExternalProcessTimeout</name>
          <value>0</value>
        </parameter>
      </parameters>
    </apptypeinfo>
  </appdef>
  <view>
    <camerax>0</camerax>
    <cameray>0</cameray>
    <zoom version="2">1.25</zoom>
  </view>
  <preconditions />
  <endpoint narrative="" />
  <subsheet subsheetid="e72e63bc-7683-42c7-b2ae-8618408e822b" type="CleanUp" published="True">
    <name>Clean Up</name>
    <view>
      <camerax>0</camerax>
      <cameray>0</cameray>
      <zoom version="2">1.25</zoom>
    </view>
  </subsheet>
  <subsheet subsheetid="fd15605b-b2ee-4b6c-8ec5-f932be12858f" type="Normal" published="True">
    <name>Action 1</name>
    <view>
      <camerax>-18</camerax>
      <cameray>102</cameray>
      <zoom version="2">1.25</zoom>
    </view>
  </subsheet>
  <stage stageid="908b338a-1e8c-4320-9814-a3d55c208171" name="Start" type="Start">
    <loginhibit />
    <display x="15" y="-105" />
    <onsuccess>41b8e514-a3d5-4764-a7b8-7473b26c755b</onsuccess>
  </stage>
  <stage stageid="41b8e514-a3d5-4764-a7b8-7473b26c755b" name="End" type="End">
    <loginhibit />
    <display x="15" y="90" />
  </stage>
  <stage stageid="dc7aae10-57ca-491d-ad7a-b1ded52becba" name="Stage1" type="ProcessInfo">
    <display x="-195" y="-105" w="150" h="90" />
    <references>
      <reference>System.dll</reference>
      <reference>System.Data.dll</reference>
      <reference>System.Xml.dll</reference>
      <reference>System.Drawing.dll</reference>
    </references>
    <imports>
      <import>System</import>
      <import>System.Drawing</import>
      <import>System.Data</import>
    </imports>
    <language>visualbasic</language>
    <globalcode><![CDATA[]]></globalcode>
    <code><![CDATA[]]></code>
  </stage>
  <stage stageid="a875e3b5-9087-4d21-8063-342c676d833c" name="Clean Up" type="SubSheetInfo">
    <subsheetid>e72e63bc-7683-42c7-b2ae-8618408e822b</subsheetid>
    <display x="-195" y="-105" w="150" h="90" />
  </stage>
  <stage stageid="96240877-8694-43be-ad01-2c2be9f0ae6e" name="Start" type="Start">
    <subsheetid>e72e63bc-7683-42c7-b2ae-8618408e822b</subsheetid>
    <loginhibit />
    <display x="15" y="-105" />
    <onsuccess>4b3cb1a5-6ea5-403e-8257-396b2dd565f7</onsuccess>
  </stage>
  <stage stageid="4b3cb1a5-6ea5-403e-8257-396b2dd565f7" name="End" type="End">
    <subsheetid>e72e63bc-7683-42c7-b2ae-8618408e822b</subsheetid>
    <loginhibit />
    <display x="15" y="90" />
  </stage>
  <stage stageid="c3613b41-65fa-48fc-88e3-d00becb0d0f6" name="Action 1" type="SubSheetInfo">
    <subsheetid>fd15605b-b2ee-4b6c-8ec5-f932be12858f</subsheetid>
    <display x="-585" y="-15" w="150" h="90" />
  </stage>
  <stage stageid="d9de1181-ac70-4024-a8ac-d3de3534a7db" name="Start" type="Start">
    <subsheetid>fd15605b-b2ee-4b6c-8ec5-f932be12858f</subsheetid>
    <loginhibit />
    <display x="-675" y="-135" />
    <onsuccess>c2b40a8e-5451-4d40-b0e1-d6bfc7124241</onsuccess>
  </stage>
  <stage stageid="3d3ef249-7893-46c0-a419-ab47a7954fb4" name="End" type="End">
    <subsheetid>fd15605b-b2ee-4b6c-8ec5-f932be12858f</subsheetid>
    <loginhibit />
    <display x="450" y="375" />
  </stage>
  <stage stageid="61ca8145-0325-4c9e-967a-2e998c4a3503" name="Note1" type="Note">
    <subsheetid>e72e63bc-7683-42c7-b2ae-8618408e822b</subsheetid>
    <narrative>Clean Up Page

This is an optional page where you might choose to perform some finalisation (or "cleanup") tasks as your business object is closed down.

The cleanup action will be called automatically immediately after closing your business object at the end of a business process.

You will not be able to call this action from a business process, nor will it be called at any other time than before the disposal of the business object.</narrative>
    <display x="-180" y="60" w="180" h="230" />
  </stage>
  <stage stageid="58fd2f9b-d94f-4426-b7c3-ed2309cee863" name="Note2" type="Note">
    <narrative>Initialise Page

This is an optional page where you might choose to perform some initialisation tasks after your business object is loaded.

The initialise action will be called automatically immediately after loading your business object.

You will not be able to call this action from a business process, nor will it be called at any other time than after the creation of the object.</narrative>
    <display x="-180" y="60" w="180" h="230" />
  </stage>
  <stage stageid="6cf05799-9ec5-418c-9b88-1ebf0689301e" name="Contact Us Input" type="Collection">
    <subsheetid>fd15605b-b2ee-4b6c-8ec5-f932be12858f</subsheetid>
    <loginhibit />
    <display x="-510" y="180" />
    <datatype>collection</datatype>
    <private />
    <collectioninfo>
      <field name="Name" type="text" description="name" />
      <field name="email" type="text" description="email" />
      <field name="subject" type="text" description="sub" />
      <field name="phone" type="text" description="phone no" />
      <field name="message" type="text" description="message" />
    </collectioninfo>
    <noalwaysinit />
  </stage>
  <stage stageid="c2b40a8e-5451-4d40-b0e1-d6bfc7124241" name="Create Instance" type="Action">
    <subsheetid>fd15605b-b2ee-4b6c-8ec5-f932be12858f</subsheetid>
    <loginhibit onsuccess="true" />
    <display x="-525" y="-135" />
    <inputs>
      <input type="flag" name="Enable Events" friendlyname="Enable Events" narrative="Flag to indicate that events should be enabled / disabled on the attached instance - defaulted to True" expr="" />
    </inputs>
    <outputs>
      <output type="number" name="handle" friendlyname="handle" narrative="An integer which can be used to identify the created instance in subsequent actions" stage="handle" />
    </outputs>
    <onsuccess>41b89861-b241-4d38-a58e-ed594da03377</onsuccess>
    <resource object="MS Excel VBO" action="Create Instance" />
  </stage>
  <stage stageid="41b89861-b241-4d38-a58e-ed594da03377" name="Create Workbook" type="Action">
    <subsheetid>fd15605b-b2ee-4b6c-8ec5-f932be12858f</subsheetid>
    <loginhibit onsuccess="true" />
    <display x="-375" y="-135" />
    <inputs>
      <input type="number" name="handle" friendlyname="handle" narrative="The integer handle identifying the instance on which the workbook should be created. The default of zero indicates the currently active instance." expr="[handle]" />
    </inputs>
    <outputs>
      <output type="text" name="Workbook Name" friendlyname="Workbook Name" narrative="The name of the workbook that Excel has created - this can be changed using the &quot;Save Workbook As&quot; action" stage="Workbook Name" />
    </outputs>
    <onsuccess>8e62236d-e85e-4023-9343-011dbd19019b</onsuccess>
    <resource object="MS Excel VBO" action="Create Workbook" />
  </stage>
  <stage stageid="8e62236d-e85e-4023-9343-011dbd19019b" name="Open Workbook" type="Action">
    <subsheetid>fd15605b-b2ee-4b6c-8ec5-f932be12858f</subsheetid>
    <loginhibit onsuccess="true" />
    <display x="-240" y="-135" />
    <inputs>
      <input type="number" name="handle" friendlyname="handle" narrative="The integer handle identifying the instance on which the required workbook should be opened. The default of zero indicates the currently active instance." expr="[handle]" />
      <input type="text" name="File name" friendlyname="File name" narrative="The path and name of the file which should be opened." expr="&quot;D:\BluePrism\Excel\input.xlsx&quot;" />
    </inputs>
    <outputs>
      <output type="text" name="Workbook Name" friendlyname="Workbook Name" narrative="The name used by Excel to identify the workbook - usually this is the file name (without the path)." stage="Workbook Name" />
    </outputs>
    <onsuccess>21bb9034-d522-493e-9ee1-bdc99cb59531</onsuccess>
    <resource object="MS Excel VBO" action="Open Workbook" />
  </stage>
  <stage stageid="21bb9034-d522-493e-9ee1-bdc99cb59531" name="Get Worksheet as Collection" type="Action">
    <subsheetid>fd15605b-b2ee-4b6c-8ec5-f932be12858f</subsheetid>
    <loginhibit onsuccess="true" />
    <display x="-105" y="-135" />
    <inputs>
      <input type="number" name="handle" friendlyname="handle" narrative="The integer handle identifying the instance on which the worksheet which should be retrieved resides. The default of zero indicates the currently active instance." expr="[handle]" />
      <input type="text" name="Workbook Name" friendlyname="Workbook Name" narrative="The name of the workbook which contains the sheet required. The default empty text indicates the currently active workbook on the specified instance." expr="[Workbook Name]" />
      <input type="text" name="Worksheet Name" friendlyname="Worksheet Name" narrative="The name of the worksheet within the specified workbook which should be written to a collection. The default empty text indicates the currently active worksheet within the specified workbook." expr="&quot;Sheet1&quot;" />
    </inputs>
    <outputs>
      <output type="collection" name="Data" friendlyname="Data" narrative="The collection containing the data from the specified worksheet - the column IDs will be gleaned from the first row on the sheet being retrieved." stage="Contact Us Input" />
    </outputs>
    <onsuccess>3ffc250b-87e5-4475-bf10-4976f10a7e6e</onsuccess>
    <resource object="MS Excel VBO" action="Get Worksheet As Collection" />
  </stage>
  <stage stageid="b7e85240-7bf5-49ba-9a44-7b4fade151c6" name="handle" type="Data">
    <subsheetid>fd15605b-b2ee-4b6c-8ec5-f932be12858f</subsheetid>
    <display x="-420" y="180" />
    <datatype>number</datatype>
    <initialvalue />
    <private />
    <alwaysinit />
  </stage>
  <stage stageid="c5630a27-f5da-4a4f-acfd-5691484f55ee" name="Workbook Name" type="Data">
    <subsheetid>fd15605b-b2ee-4b6c-8ec5-f932be12858f</subsheetid>
    <display x="-315" y="180" />
    <datatype>text</datatype>
    <initialvalue />
    <private />
    <alwaysinit />
  </stage>
  <stage stageid="acc261ca-71b0-4279-868a-8f26fa048811" name="Close Workbook" type="Action">
    <subsheetid>fd15605b-b2ee-4b6c-8ec5-f932be12858f</subsheetid>
    <loginhibit onsuccess="true" />
    <display x="450" y="195" />
    <inputs>
      <input type="number" name="handle" friendlyname="handle" narrative="The integer handle identifying the instance on which the workbook which should be closed resides. The default of zero indicates the currently active instance." expr="[handle]" />
      <input type="text" name="Workbook Name" friendlyname="Workbook Name" narrative="The name of the workbook which should be closed." expr="[Workbook Name]" />
      <input type="flag" name="Save Data" friendlyname="Save Data" narrative="True to save the data before closing the workbook; The default of False will discard any changes before closing the workbook." expr="" />
    </inputs>
    <onsuccess>da62364e-47e5-411d-a1f4-8ab8c8b611b2</onsuccess>
    <resource object="MS Excel VBO" action="Close Workbook" />
  </stage>
  <stage stageid="da62364e-47e5-411d-a1f4-8ab8c8b611b2" name="Close Instance" type="Action">
    <subsheetid>fd15605b-b2ee-4b6c-8ec5-f932be12858f</subsheetid>
    <loginhibit onsuccess="true" />
    <display x="450" y="285" />
    <inputs>
      <input type="number" name="handle" friendlyname="handle" narrative="The integer handle identifying the instance to be closed. Zero indicates the currently active instance." expr="[handle]" />
      <input type="flag" name="Save Changes" friendlyname="Save Changes" narrative="True to save the changes to the open workbooks on the instance, False to discard any changes. Default is False." expr="" />
    </inputs>
    <onsuccess>3d3ef249-7893-46c0-a419-ab47a7954fb4</onsuccess>
    <resource object="MS Excel VBO" action="Close Instance" />
  </stage>
  <stage stageid="3ffc250b-87e5-4475-bf10-4976f10a7e6e" name="contact us loop" type="LoopStart">
    <subsheetid>fd15605b-b2ee-4b6c-8ec5-f932be12858f</subsheetid>
    <display x="-105" y="-60" />
    <onsuccess>11dd9caa-aea6-46b3-ae9d-8e2cd4a18cb8</onsuccess>
    <groupid>5b30f4a6-f212-4c55-a446-376b16290cd5</groupid>
    <looptype>ForEach</looptype>
    <loopdata>Contact Us Input</loopdata>
  </stage>
  <stage stageid="76ae7dd8-1a5a-430e-a9f3-5095d32ae010" name="contact us loop" type="LoopEnd">
    <subsheetid>fd15605b-b2ee-4b6c-8ec5-f932be12858f</subsheetid>
    <loginhibit />
    <display x="450" y="135" />
    <onsuccess>acc261ca-71b0-4279-868a-8f26fa048811</onsuccess>
    <groupid>5b30f4a6-f212-4c55-a446-376b16290cd5</groupid>
  </stage>
  <stage stageid="f9372581-8920-4a48-81e8-ad2a2541df1e" name="Name" type="Navigate">
    <subsheetid>fd15605b-b2ee-4b6c-8ec5-f932be12858f</subsheetid>
    <display x="30" y="15" />
    <onsuccess>9a392ef0-37bb-4bbc-bea6-a7a00cd64592</onsuccess>
    <step>
      <element id="424a47ad-5a29-4f46-baf7-800452f4a070" />
      <action>
        <id>UIASendKeys</id>
        <arguments>
          <argument>
            <id>newtext</id>
            <value>[Contact Us Input.Name]</value>
          </argument>
          <argument>
            <id>interval</id>
            <value>
            </value>
          </argument>
        </arguments>
      </action>
    </step>
  </stage>
  <stage stageid="9a392ef0-37bb-4bbc-bea6-a7a00cd64592" name="Email" type="Navigate">
    <subsheetid>fd15605b-b2ee-4b6c-8ec5-f932be12858f</subsheetid>
    <display x="150" y="15" />
    <onsuccess>fdff4848-b821-4655-b9ec-afa80b7e6a38</onsuccess>
    <step>
      <element id="e9684de6-fbfe-45a0-b1c5-312bc93867a6" />
      <action>
        <id>UIASendKeys</id>
        <arguments>
          <argument>
            <id>newtext</id>
            <value>[Contact Us Input.email]</value>
          </argument>
          <argument>
            <id>interval</id>
            <value>
            </value>
          </argument>
        </arguments>
      </action>
    </step>
  </stage>
  <stage stageid="fdff4848-b821-4655-b9ec-afa80b7e6a38" name="subject" type="Navigate">
    <subsheetid>fd15605b-b2ee-4b6c-8ec5-f932be12858f</subsheetid>
    <display x="240" y="15" />
    <onsuccess>e57607bc-65a0-40fe-8d63-4361a306b9f9</onsuccess>
    <step>
      <element id="c68a7c8b-eb88-45ed-b8d4-9be6a80b4fd7" />
      <action>
        <id>UIASendKeys</id>
        <arguments>
          <argument>
            <id>newtext</id>
            <value>[Contact Us Input.subject]</value>
          </argument>
          <argument>
            <id>interval</id>
            <value>
            </value>
          </argument>
        </arguments>
      </action>
    </step>
  </stage>
  <stage stageid="e57607bc-65a0-40fe-8d63-4361a306b9f9" name="Phone" type="Navigate">
    <subsheetid>fd15605b-b2ee-4b6c-8ec5-f932be12858f</subsheetid>
    <display x="345" y="15" />
    <onsuccess>b505d07e-1d1d-43aa-8a7c-f3e8e255bc18</onsuccess>
    <step>
      <element id="e6ada84f-7038-45d2-93cd-d310d6e3795a" />
      <action>
        <id>UIASendKeys</id>
        <arguments>
          <argument>
            <id>newtext</id>
            <value>[Contact Us Input.phone]</value>
          </argument>
          <argument>
            <id>interval</id>
            <value>
            </value>
          </argument>
        </arguments>
      </action>
    </step>
  </stage>
  <stage stageid="b505d07e-1d1d-43aa-8a7c-f3e8e255bc18" name="Message" type="Navigate">
    <subsheetid>fd15605b-b2ee-4b6c-8ec5-f932be12858f</subsheetid>
    <display x="450" y="15" />
    <onsuccess>92505642-8f27-4ab6-a938-763b0105fe2f</onsuccess>
    <step>
      <element id="25a68f07-3fc1-4a95-b9c5-a825239fd517" />
      <action>
        <id>UIASendKeys</id>
        <arguments>
          <argument>
            <id>newtext</id>
            <value>[Contact Us Input.message]</value>
          </argument>
          <argument>
            <id>interval</id>
            <value>
            </value>
          </argument>
        </arguments>
      </action>
    </step>
  </stage>
  <stage stageid="11dd9caa-aea6-46b3-ae9d-8e2cd4a18cb8" name="Contact us link" type="Navigate" interval="10">
    <subsheetid>fd15605b-b2ee-4b6c-8ec5-f932be12858f</subsheetid>
    <display x="-105" y="15" />
    <onsuccess>f9372581-8920-4a48-81e8-ad2a2541df1e</onsuccess>
    <step>
      <element id="2e7415e1-249c-4eb1-b29c-9f0837370027" />
      <action>
        <id>WebClick</id>
      </action>
    </step>
  </stage>
  <stage stageid="92505642-8f27-4ab6-a938-763b0105fe2f" name="Send" type="Navigate">
    <subsheetid>fd15605b-b2ee-4b6c-8ec5-f932be12858f</subsheetid>
    <display x="450" y="75" />
    <onsuccess>76ae7dd8-1a5a-430e-a9f3-5095d32ae010</onsuccess>
    <step>
      <element id="82c8cc9f-c185-4093-ac8f-5f8fea0140f1" />
      <action>
        <id>UIAButtonPress</id>
      </action>
    </step>
  </stage>
</process>